CustomerID,CustomerName,Contact,Email,Address
1,Customer_1,000-000-0001,customer_1@example.com,Address_1
2,Customer_2,000-000-0002,customer_2@example.com,Address_2
3,Customer_3,000-000-0003,customer_3@example.com,Address_3
4,Customer_4,000-000-0004,customer_4@example.com,Address_4
5,Customer_5,000-000-0005,customer_5@example.com,Address_5
6,Customer_6,000-000-0006,customer_6@example.com,Address_6
7,Customer_7,000-000-0007,customer_7@example.com,Address_7
8,Customer_8,000-000-0008,customer_8@example.com,Address_8
9,Customer_9,000-000-0009,customer_9@example.com,Address_9
10,Customer_10,000-000-0000,customer_10@example.com,Address_10
11,Customer_11,000-000-0001,customer_11@example.com,Address_11
12,Customer_12,000-000-0002,customer_12@example.com,Address_12
13,Customer_13,000-000-0003,customer_13@example.com,Address_13
14,Customer_14,000-000-0004,customer_14@example.com,Address_14
15,Customer_15,000-000-0005,customer_15@example.com,Address_15
16,Customer_16,000-000-0006,customer_16@example.com,Address_16
17,Customer_17,000-000-0007,customer_17@example.com,Address_17
18,Customer_18,000-000-0008,customer_18@example.com,Address_18
19,Customer_19,000-000-0009,customer_19@example.com,Address_19
20,Customer_20,000-000-0000,customer_20@example.com,Address_20
21,Customer_21,000-000-0001,customer_21@example.com,Address_21
22,Customer_22,000-000-0002,customer_22@example.com,Address_22
23,Customer_23,000-000-0003,customer_23@example.com,Address_23
24,Customer_24,000-000-0004,customer_24@example.com,Address_24
25,Customer_25,000-000-0005,customer_25@example.com,Address_25
26,Customer_26,000-000-0006,customer_26@example.com,Address_26
27,Customer_27,000-000-0007,customer_27@example.com,Address_27
28,Customer_28,000-000-0008,customer_28@example.com,Address_28
29,Customer_29,000-000-0009,customer_29@example.com,Address_29
30,Customer_30,000-000-0000,customer_30@example.com,Address_30
31,Customer_31,000-000-0001,customer_31@example.com,Address_31
32,Customer_32,000-000-0002,customer_32@example.com,Address_32
33,Customer_33,000-000-0003,customer_33@example.com,Address_33
34,Customer_34,000-000-0004,customer_34@example.com,Address_34
35,Customer_35,000-000-0005,customer_35@example.com,Address_35
36,Customer_36,000-000-0006,customer_36@example.com,Address_36
37,Customer_37,000-000-0007,customer_37@example.com,Address_37
38,Customer_38,000-000-0008,customer_38@example.com,Address_38
39,Customer_39,000-000-0009,customer_39@example.com,Address_39
40,Customer_40,000-000-0000,customer_40@example.com,Address_40
41,Customer_41,000-000-0001,customer_41@example.com,Address_41
42,Customer_42,000-000-0002,customer_42@example.com,Address_42
43,Customer_43,000-000-0003,customer_43@example.com,Address_43
44,Customer_44,000-000-0004,customer_44@example.com,Address_44
45,Customer_45,000-000-0005,customer_45@example.com,Address_45
46,Customer_46,000-000-0006,customer_46@example.com,Address_46
47,Customer_47,000-000-0007,customer_47@example.com,Address_47
48,Customer_48,000-000-0008,customer_48@example.com,Address_48
49,Customer_49,000-000-0009,customer_49@example.com,Address_49
50,Customer_50,000-000-0000,customer_50@example.com,Address_50
51,Customer_51,000-000-0001,customer_51@example.com,Address_51
52,Customer_52,000-000-0002,customer_52@example.com,Address_52
53,Customer_53,000-000-0003,customer_53@example.com,Address_53
54,Customer_54,000-000-0004,customer_54@example.com,Address_54
55,Customer_55,000-000-0005,customer_55@example.com,Address_55
56,Customer_56,000-000-0006,customer_56@example.com,Address_56
57,Customer_57,000-000-0007,customer_57@example.com,Address_57
58,Customer_58,000-000-0008,customer_58@example.com,Address_58
59,Customer_59,000-000-0009,customer_59@example.com,Address_59
60,Customer_60,000-000-0000,customer_60@example.com,Address_60
61,Customer_61,000-000-0001,customer_61@example.com,Address_61
62,Customer_62,000-000-0002,customer_62@example.com,Address_62
63,Customer_63,000-000-0003,customer_63@example.com,Address_63
64,Customer_64,000-000-0004,customer_64@example.com,Address_64
65,Customer_65,000-000-0005,customer_65@example.com,Address_65
66,Customer_66,000-000-0006,customer_66@example.com,Address_66
67,Customer_67,000-000-0007,customer_67@example.com,Address_67
68,Customer_68,000-000-0008,customer_68@example.com,Address_68
69,Customer_69,000-000-0009,customer_69@example.com,Address_69
70,Customer_70,000-000-0000,customer_70@example.com,Address_70
71,Customer_71,000-000-0001,customer_71@example.com,Address_71
72,Customer_72,000-000-0002,customer_72@example.com,Address_72
73,Customer_73,000-000-0003,customer_73@example.com,Address_73
74,Customer_74,000-000-0004,customer_74@example.com,Address_74
75,Customer_75,000-000-0005,customer_75@example.com,Address_75
76,Customer_76,000-000-0006,customer_76@example.com,Address_76
77,Customer_77,000-000-0007,customer_77@example.com,Address_77
78,Customer_78,000-000-0008,customer_78@example.com,Address_78
79,Customer_79,000-000-0009,customer_79@example.com,Address_79
80,Customer_80,000-000-0000,customer_80@example.com,Address_80
81,Customer_81,000-000-0001,customer_81@example.com,Address_81
82,Customer_82,000-000-0002,customer_82@example.com,Address_82
83,Customer_83,000-000-0003,customer_83@example.com,Address_83
84,Customer_84,000-000-0004,customer_84@example.com,Address_84
85,Customer_85,000-000-0005,customer_85@example.com,Address_85
86,Customer_86,000-000-0006,customer_86@example.com,Address_86
87,Customer_87,000-000-0007,customer_87@example.com,Address_87
88,Customer_88,000-000-0008,customer_88@example.com,Address_88
89,Customer_89,000-000-0009,customer_89@example.com,Address_89
90,Customer_90,000-000-0000,customer_90@example.com,Address_90
91,Customer_91,000-000-0001,customer_91@example.com,Address_91
92,Customer_92,000-000-0002,customer_92@example.com,Address_92
93,Customer_93,000-000-0003,customer_93@example.com,Address_93
94,Customer_94,000-000-0004,customer_94@example.com,Address_94
95,Customer_95,000-000-0005,customer_95@example.com,Address_95
96,Customer_96,000-000-0006,customer_96@example.com,Address_96
97,Customer_97,000-000-0007,customer_97@example.com,Address_97
98,Customer_98,000-000-0008,customer_98@example.com,Address_98
99,Customer_99,000-000-0009,customer_99@example.com,Address_99
100,Customer_100,000-000-0000,customer_100@example.com,Address_100
